https://www.thyssenkrupp.com/de/,
https://www.atlas-elektronik.com/,
https://www.nsm-magnettechnik.de/,
https://www.ziehl-abegg.com/,
https://www.imscs.com/,
https://www.nwowhv.de/,
http://www.ritter-gruppe.com,
http://www.competence-site.de/,
http://www.bahmueller.de,
http://www.schiller-automation.com,
http://www.gwg-muenchen.de,
http://www.magnete.de,
http://www.handtmann.de,
http://thielenhaus.com/de/,
http://www.mantruckandbus.com,
http://www.classen.de,
http://www.bsr.de,
http://www.deutschebahn.com,
https://www.landtag.nrw.de,
https://www.allgaier.de,
https://www.duerrdental.com,
http://www.stute-fruits.de,
http://www.staudinger-est.de,
http://www.precitec.de,
https://www.santander.de/,
http://www.varys.de,
http://www.minimax.de,
http://www.g-scs.de/,
http://www.azo.de/,
http://www.satek.de,
http://www.daldrop.com,
http://www.foedisch.de/,
https://ag.dmgmori.com,
http://elabo.de,
http://www.das-europe.com,
https://www.zeppelin.com,
http://www.ruhlamat.com,
http://www.nupis.de,
http://www.izm.fraunhofer.de,
https://www.imsgear.com,
http://www.infrastrukturbetrieb-stadt-arneburg.de,
http://www.bfw-leipzig.de,
http://www.hummel.com,
https://www.top-flow.de,
http://www.lisega.de,
http://www.messe-karlsruhe.de,
http://www.aluplast.net,
https://www.ams-erp.com,
http://www.nft.de,
http://www.lucanet.com,
http://heidkamp-hebezeuge.de,
http://www.lewa.de,
https://www.ww-ag.com,
http://www.boettcher.de,
http://www.novem.de,
http://www.arku.de,
https://de.alten.com/,
http://www.sim-automation.de,
http://www.wto.de,
https://www.eberhard-ag.com/,
http://www.neufeldt.info,
https://www.lechler.de,
https://www.basecom.de,
http://www.geka-world.com,
http://www.minimax-mobile.com,
http://www.hjs.com,
http://www.rump.de/,
http://www.autogena.de,
https://www.kesseboehmer.world,
http://www.core-connection.de,
http://www.schaeffer-vt.de,
http://kamen.de,
http://awila.de,
http://dodenhof.de,
http://ibh-team.de/,
http://www.uts-biogas.com,
http://www.rosen-group.com/,
http://www.dorfner-gruppe.de,
http://www.pwc.de/,
http://www.ede.de,
http://bastra.de,
http://www.gapcon.com/,
http://www.glas-lippold.de,
http://www.bplusd.de,
http://www.sommer.eu/,
http://www.big-gruppe.com/,
http://www.buerstner.com,
http://www.miltenyibiotec.com,
http://www.yokogawa.com/de/,
https://www.zag.de,
https://www.tangro.de,
http://www.wolff-mueller.de,
http://www.weinrich-schokolade.de,
http://suelzle-gruppe.de,
http://www.helfrecht.de,
https://www.engelbert-strauss.de/,
http://www.gneuss.de,
http://www.tuer.de,
http://www.fendt.com/,
https://www.ssi-schaefer.com/de-de,